id,name,age,number,roll,email,password
1,Alice,25,1176969513,admin,alice@maica.com,12345
2,Bob,30,1255427406,admin,bob@maica.com,12345
3,Charlie,22,1333885299,user,charlie@maica.com,23456
4,Diana,28,1412343192,user,diana@maica.com,23456
5,Ethan,35,1490801085,user,ethan@maica.com,23456
6,Fiona,27,1569258978,user,fiona@maica.com,23456
7,George,31,1647716871,user,george@maica.com,23456
8,Hannah,24,1726174764,user,hannah@maica.com,23456
9,Ian,29,1804632657,user,ian@maica.com,23456
10,Julia,26,1883090550,user,julia@maica.com,23456
11,Kevin,33,1961548443,user,kevin@maica.com,23456
12,Laura,21,2040006336,user,laura@maica.com,23456
13,Mike,32,2118464229,user,mike@maica.com,23456
14,Nina,23,2196922122,user,nina@maica.com,23456
15,Oscar,34,2275380015,user,oscar@maica.com,23456
16,Paula,30,2353837908,user,paula@maica.com,23456
17,Quentin,28,2432295801,user,quentin@maica.com,23456
18,Rachel,25,2510753694,user,rachel@maica.com,23456
19,Steve,27,2589211587,user,steve@maica.com,23456
20,Tina,26,2667669480,user,tina@maica.com,23456
21,Uma,29,2746127373,user,uma@maica.com,23456
22,Victor,31,2824585266,user,victor@maica.com,23456
23,Wendy,24,2903043159,user,wendy@maica.com,23456
24,Xander,33,2981501052,user,xander@maica.com,23456
25,Yara,22,3059958945,user,yara@maica.com,23456
26,Zane,35,3138416838,user,zane@maica.com,23456
27,Amber,23,3216874731,user,amber@maica.com,23456
28,Brian,30,3295332624,user,brian@maica.com,23456
29,Cathy,27,3373790517,user,cathy@maica.com,23456
30,Derek,32,3452248410,user,derek@maica.com,23456
31,Ella,26,3530706303,user,ella@maica.com,23456
32,Frank,28,3609164196,user,frank@maica.com,23456
33,Grace,25,3687622089,user,grace@maica.com,23456
34,Henry,34,3766079982,user,henry@maica.com,23456
35,Isla,21,3844537875,user,isla@maica.com,23456
36,Jack,29,3922995768,user,jack@maica.com,23456
37,Kara,24,4001453661,user,kara@maica.com,23456
38,Liam,31,4079911554,user,liam@maica.com,23456
39,Mona,22,4158369447,user,mona@maica.com,23456
40,Noah,33,4236827340,user,noah@maica.com,23456
41,Olive,27,4315285233,user,olive@maica.com,23456
42,Peter,30,4393743126,user,peter@maica.com,23456
43,Queenie,26,4472201019,user,queenie@maica.com,23456
44,Ron,28,4550658912,user,ron@maica.com,23456
45,Sophie,25,4629116805,user,sophie@maica.com,23456
46,Tom,32,4707574698,user,tom@maica.com,23456
47,Ursula,23,4786032591,user,ursula@maica.com,23456
48,Vince,34,4864490484,user,vince@maica.com,23456
49,Willow,21,4942948377,user,willow@maica.com,23456
50,Xena,29,4942948378,user,xena@maica.com,23456
